{"cameraMode":{"drawMode":0,"name":"Shaded","section":"Shading Mode"},"sceneLighting":false,"audioPlay":false,"sceneViewState":{"m_AlwaysRefresh":false,"showFog":true,"showSkybox":false,"showFlares":true,"showImageEffects":true,"showParticleSystems":true,"showVisualEffectGraphs":true,"m_FxEnabled":true},"in2DMode":false,"pivot":{"x":-5.960464477539063e-8,"y":1.834841251373291,"z":17.591678619384767},"rotation":{"x":-0.07606018334627152,"y":0.09735488891601563,"z":-0.0074620796367526058,"w":-0.9923110008239746},"size":6.968467712402344,"orthographic":false}